<?xml version="1.0" encoding="UTF-8"?>
<metadata xml:lang="es"><Esri><CreaDate>20210407</CreaDate><CreaTime>11081600</CreaTime><ArcGISFormat>1.0</ArcGISFormat><SyncOnce>TRUE</SyncOnce><DataProperties><lineage><Process ToolSource="c:\program files (x86)\arcgis\desktop10.8\ArcToolbox\Toolboxes\Data Management Tools.tbx\CalculateField" Date="20210407" Time="110151">CalculateField METROPOLITANAS_geogpsperu_suyopomalia contacto "juan.suyo@geogpsperu.com" VB #</Process><Process ToolSource="c:\program files (x86)\arcgis\desktop10.8\ArcToolbox\Toolboxes\Data Management Tools.tbx\CalculateField" Date="20210407" Time="110212">CalculateField METROPOLITANAS_geogpsperu_suyopomalia whatsapp "931381206" VB #</Process></lineage></DataProperties></Esri></metadata>
